Zone/Area,Estimated Restaurants,Avg Price (₹),Primary Cuisine,Market Type
Jubilee Hills,95,750,Multi-Cuisine,Premium
Banjara Hills,85,720,Fine Dining,Premium
Madhapur/HITEC City,110,480,Fast Food/Café,Corporate
Gachibowli,75,520,IT-crowd favorites,Corporate
Old City/Charminar,65,320,Traditional/Biryani,Traditional
Secunderabad,70,450,North Indian/Chinese,Mixed
Kukatpally,45,380,Family Dining,Residential
Dilsukhnagar,35,350,South Indian,Residential
L.B. Nagar,30,380,Local favorites,Residential
Others,47,420,Mixed,Mixed
